http://s3.us-east-2.amazonaws.com/accents/Accents/Arabic/arabic1.wav,arabic1.wav,please call stella us care tto bring this things with here from the store six spoon off fresh snow bees five six slip off blue cheese and maybe a snake for her brother back we also need a small blasted snake and a big toy fraud for the kids she can scoop this things into three red bags and we will go meet here one is the at the train station,47,21
http://s3.us-east-2.amazonaws.com/accents/Accents/Arabic/arabic2.wav,arabic2.wav,please call stella ask her to bring these things with her from the store six points of fresh snow peas life thick slabs of blue cheese and maybe a snack for her brother bob we also need a small plastic snake and a big toy frog for the kids she can scoop these things into the three red bags and we will go meet her wednesday at the train station,13,3
http://s3.us-east-2.amazonaws.com/accents/Accents/Arabic/arabic3.wav,arabic3.wav,please call still still ask her to bring these things with here from the store six points off fresh snow piece part thanks loves off blue cheese and maybe a snack for her brother you also need a small ballistic snack and big toy frog for the kids one of their kids he can scope these things into three red biggs and we will go me meet her when his day at the train station,71,19
http://s3.us-east-2.amazonaws.com/accents/Accents/Arabic/arabic4.wav,arabic4.wav,please call stella ask her to bring these things with her from the start six spoons off first no peace five six laps ofthe blue cheese on maybe its not for her brother book we also need a small plastic snake at the victory for the kids she can scoop these things into three red bags on well go meet here when its day at the train station,57,25
http://s3.us-east-2.amazonaws.com/accents/Accents/Arabic/arabic5.wav,arabic5.wav,peace girls sailor ask her to bring these things with her from the store six pools or fresh snow peas five its lives off blue cheese and maybe a snack for her brother bob we also need a small plastic snake and the big toy frog for the kids she can scoop these things into three red bags and we will go meet her when they at this train station,37,10
http://s3.us-east-2.amazonaws.com/accents/Accents/Arabic/arabic6.wav,arabic6.wav,please cost you ask her to bring this things with her from the store six points off personal based by thick slabs off guccis and maybe a snake for her brother bob we also need a small classic snake and a big toy truck for the kids she can screw up this at these things into three passed on we will go meet her with wednesday at the train station,78,22
http://s3.us-east-2.amazonaws.com/accents/Accents/Arabic/arabic7.wav,arabic7.wav,please call stella ask her to bring these things with her from stole from the store six pulls off fresh snow peas five six laps ofthe blue cheese and maybe a snack for her brother bob we also need a small plastics neck and a big tie frog for the kids she cant scoop of these things into three red bags and we will go meet her when to stay me her west day at the train station,61,13
http://s3.us-east-2.amazonaws.com/accents/Accents/Arabic/arabic8.wav,arabic8.wav,please call stella ask her to bring these things with her from the store six bones or fresh snow peas five six lives off blue cheese and maybe snack for her brother book but we also need a small plastic snake and the big toy frog for the kids she can scope these things into three red bags and we we go meet her wednesday at the train station,32,13
http://s3.us-east-2.amazonaws.com/accents/Accents/Arabic/arabic9.wav,arabic9.wav,please call stella ask her to bring these things with her from the store six spoons of fresh snow peas five thick slabs off blue cheese and maybe a snack for her brother bob we also need a small plastic snake and a big toy frog for the kids she can scoop these things into three red bags and we will go meet her wednesday at the train station,5,1
http://s3.us-east-2.amazonaws.com/accents/Accents/Arabic/arabic10.wav,arabic10.wav,please call stella asked her to bring these things with her from the store six pulls off fresh no pick a piece five six labs ofthe blue cheese and maybe a snake for a snack for her brother bob we also need a small plastic snake and a big toy frog for the kids she can scoop these things into three red bags and we will go meet her wednesday at the train station,42,13
http://s3.us-east-2.amazonaws.com/accents/Accents/Arabic/arabic11.wav,arabic11.wav,please call stella ask her to bring these things with her from the store six spoons fresh snow piece five thick slaps off new cheese and maybe its not for her brother ball we also need a small plastic snack oh and a big toy frog for the kids she can scoop these things into three red bags and we will go meet her wednesday at the train station,28,8
http://s3.us-east-2.amazonaws.com/accents/Accents/Arabic/arabic12.wav,arabic12.wav,place called stella ask herto bring peace stays with hair from the store six spoons off a fresh snow peas five five thick slabs off your cheese maybe a snot for her brother bob we also need a small plastic slake onda big a toy fraud for the kids she can school these things in tow three right bat on we will go meet her wednesday at the train station,59,22
http://s3.us-east-2.amazonaws.com/accents/Accents/Arabic/arabic13.wav,arabic13.wav,please call still ask her to bring the thing with her from the store six spoons off fresh snow peas five thick slab off blue cheese and maybe its neck for her brother bob we also need small plastics name and a big toy frog for the kids she can scoop the things into three red bags and we will go meet her wednesday at the train station,23,14
http://s3.us-east-2.amazonaws.com/accents/Accents/Arabic/arabic14.wav,arabic14.wav,please go to stiller ask her to bring these things with her form the store six buns off fresh snow bees five slabs off blue cheese andi maybe a snack for her brother bob we also need a small plastic snack on a big toy fraud for the kids she can scoop these things into the three red bags on we will go me here win wednesday at the train station,48,19
http://s3.us-east-2.amazonaws.com/accents/Accents/Arabic/arabic15.wav,arabic15.wav,please call stella ask her to bring these things with her from to start to the story from the store six pulls off snow piece five six slobs off blue cheese and maybe off her brother bob we also need a small plastic snack and big big toy from the frog through for the kids she can score these things in three into three red bags and we will go meet her wednesday at the train station,90,21
,,,,
http://s3.us-east-2.amazonaws.com/accents/Accents/Bengali/bengali1.wav,bengali1.wav,please girls taylor axe hard to bring these things with her from the store six spoons off rations no pitch five tic split off blue cheese and maybe a snake for her brother bob we also need a small plastic snake and a big toy fuck for the kids she can spoke these things into the rate bags and well go meet her wednesday a drain station,58,22
http://s3.us-east-2.amazonaws.com/accents/Accents/Bengali/bengali2.wav,bengali2.wav,please call stella ask her to bring these things with her from the store six spoons of fresh snow peas five thick slabs of blue cheese and maybe a snack for her brother bob we also need a plastic snake and a big toy frog for the kids chic unscrew these things into three red bags and we will go meet her wednesday at the train station,19,4
http://s3.us-east-2.amazonaws.com/accents/Accents/Bengali/bengali3.wav,bengali3.wav,please call stella ask her to bring these things with her from the store six spoons off fresh snow piece five six labs ofthe blue cheese and maybe a snack for her brother bob we also need a small plastics neck and a big toy frog for the kids she can scoop these things into three red bags and we will go meet her wednesday at the train station,21,8
http://s3.us-east-2.amazonaws.com/accents/Accents/Bengali/bengali4.wav,bengali4.wav,please call estela ask her to bring this thing would have from just dust or six spoon off fresh snow peas five takes slips are blue cheese and maybe a snake for her brother bob we also need a small plastic snake and and a big toy from for the kids she can scope distinct into three red bags and we will go meet her pointed at the train station,59,21
http://s3.us-east-2.amazonaws.com/accents/Accents/Bengali/bengali5.wav,bengali5.wav,please call stella ask her to bring these things with her from the store six spoons are fresh piece five pig slaps off blue tees and maybe a snack for her brother bob we also need a small plastic snake and a big toy frog for the kids he can scope these things into three red bags and we will go meet her venice t at the train station,34,10
http://s3.us-east-2.amazonaws.com/accents/Accents/Bengali/bengali6.wav,bengali6.wav,peace calls tell her i asked her to bring these things with her from the store six spoons of fresh snow peas five klicks slabs of blue cheese and maybe a snack for her brother bob we also need a small plastic snake and a big toy frog for the kids she can skewed these things into three red bags and we will go meet her wednesday at the train station,22,7
http://s3.us-east-2.amazonaws.com/accents/Accents/Bengali/bengali7.wav,bengali7.wav,please go stiller ask her to bring these things with her from the store six points off fresh snow peas fight the slaps of blue cheese and maybe its nick off her brother bob we also need a small plastics name and a big toy from for the kids she can scoop these things in tow three that backs and well go meet her when is the trains ,59,25
http://s3.us-east-2.amazonaws.com/accents/Accents/Bengali/bengali8.wav,bengali8.wav,its still early except of being given things from the store six teaspoons off fresh snow peas tickets clubs off blue teeth and maybe its neck for our brother bob he also needed small plastic snake and a big toy frog for the kids called these things in tow three red bags and we go meet her when they did,109,32
http://s3.us-east-2.amazonaws.com/accents/Accents/Bengali/bengali9.wav,bengali9.wav,please call stella asked her to bring these things with her from the store six bones off fresh snow peas pipe tick slabs of blue cheese on maybe a snack for her brother book we also need a small plastic steak and a big toy frog for the kids she can school this things in tow three readbacks on dh we will go meet her witnessed at the train station,38,15
http://s3.us-east-2.amazonaws.com/accents/Accents/Bengali/bengali10.wav,bengali10.wav,please call stella asked her to bring these things with her from the store six points of fresh no peace five slabs of blue cheese and maybe as for her brother bob we also need a small plastic snake and a big toy frog for the kids chicken scoop these things into three red bags and we will go home in her wednesday at the train station,34,10
http://s3.us-east-2.amazonaws.com/accents/Accents/Bengali/bengali11.wav,bengali11.wav,please call stella asked her to bring these things with her from the store six spoons of fresh snow peas five thick slabs off blue cheese and maybe a snack for a brother bob we also need a small plastic snake and a big toy frog for the kids she can scoop these things into three red bags and we will go meet her wednesday at the train station,10,4
http://s3.us-east-2.amazonaws.com/accents/Accents/Bengali/bengali12.wav,bengali12.wav,please calls taylor ask her to bring these things with her from the store six points off fresh no peace five ticks slaps off fruit cheese and maybe a snake for her brother brought ball we also need a small plastic snake and a big tie fraud for the kids she can scope these things into three red bags and well go meet her when stay at a train station,52,21
http://s3.us-east-2.amazonaws.com/accents/Accents/Bengali/bengali13.wav,bengali13.wav,please call stella ask her to bring these things with her from the store six teaspoons off fresh snow peas five six labs off guccis and maybe a snack for her brother bob we also need a small plastic snick snack snake and a big toy frog for the kids she can scoop these things into trade readbacks and we will go meet her wednesday at the train station,41,12
http://s3.us-east-2.amazonaws.com/accents/Accents/Bengali/bengali14.wav,bengali14.wav,please call stella ask her to bring these things with her from the store six moons afraid snow piece five thick slabs of blue shes and maybe a snack for a brother bob we also need a small plastic snake and a big toy frog for the kids shaken scoobys things into tree red bags and well go meet on wednesday at the train station,38,15
http://s3.us-east-2.amazonaws.com/accents/Accents/Bengali/bengali15.wav,bengali15.wav,please call is stellar ask her to bring this things with her from the store six response off fresh snow peace five tick slips off blue chaste and maybe a snake for her brother book we also need a small plastic snake and a big toy frog for the kids she can its cool this things into three then bags and we will go meet her wednesday at the train station,35,15
,,,,
http://s3.us-east-2.amazonaws.com/accents/Accents/Chinese/cantonese1.wav,cantonese1.wav,please cost era as her to bring these things with her with her from the store six one ofthe fresh snow piece five snaps off fruit trees and maybe its neck for her brother bob we also need a small ah practices nick and a pick toy first for a case she cant put this rings into three reppas and me well go meet her wednesday at a train station,92,30
http://s3.us-east-2.amazonaws.com/accents/Accents/Chinese/cantonese2.wav,cantonese2.wav,p scores there ask her to bring this thing with her from the store six cools off fresh snow piece and five steaks left off oh cheese and maybe its like for her for her father go we also only a small past take snake and a and they picked oh for for the kiss as she shaken spoon this frame into free where  pass then we will go meet her wednesday at train station,121,35
http://s3.us-east-2.amazonaws.com/accents/Accents/Chinese/cantonese3.wav,cantonese3.wav,these car stella asked her to bring these things with her from the store six wins the first no peace catholics lapse of puccis and maybe a snake for about a pop us you need a small plastic snake and a big toy from for kids she can skew these things in the three right ax and me will go meet her wednesday glittering spacious er,98,32
http://s3.us-east-2.amazonaws.com/accents/Accents/Chinese/cantonese4.wav,cantonese4.wav,this cost there as her toe brain this sense with her bonus ball six exposed on fresh stroll piece five vegas ness are for trees and maybe a ce neck for her bala bak we are so only a slaw pastie snake and a big type from from fournier case shrinker schooling this sainz intone three grand past and we will call me her wednesday and the train station,145,42
http://s3.us-east-2.amazonaws.com/accents/Accents/Chinese/cantonese5.wav,cantonese5.wav,please call stella i asked her to bring these things with her from the store six boots off fresh no peace five six snaps off blue cheese and maybe a snake for her mother bob we also need a small plastic snake and a big toy front for the kids she can scoop these things into three readbacks and we will go meet her last day and the train station,39,18
http://s3.us-east-2.amazonaws.com/accents/Accents/Chinese/cantonese6.wav,cantonese6.wav,please cause stellar ask her to bring these things with her from the store six billions of fresh snow peas five six laps of blue cheese and maybe your snack for her brother bob we also need a small plastic snake and a big toy frog for the kids she can skewed these things into three red bags and we will go meet her wednesday at the train station,27,8
http://s3.us-east-2.amazonaws.com/accents/Accents/Chinese/cantonese7.wav,cantonese7.wav,please cost dollar asked her to bring these things with her from the store six points off fresh snow piece five thick slabs of blue cheese and maybe a snack for her brother bob we also need a small plastic snake and a big toy fork for the kids she can scoop these things into three rat bags and we were go meet her wednesday at the train station,27,9
http://s3.us-east-2.amazonaws.com/accents/Accents/Chinese/cantonese8.wav,cantonese8.wav,least cost ella asked her to bring these things with her from the store six spoons are fresh no peace five six laps of blue cheese and maybe a snack for a brother bob we also need a small plastics nick and a big toy frog for the kids she could script these things in the three red bags and we will meet her wednesday at a train station,50,19
http://s3.us-east-2.amazonaws.com/accents/Accents/Chinese/cantonese9.wav,cantonese9.wav,hes called stella ask her to bring these things with her from the store six spoons off fresh no peace five six laps of blue cheese and maybe a snack for her brother book we also need a small plastic snake and a big toy frog for the kids she can scoop these things into three red backs and we will go meet her wednesday at the train station,24,10
http://s3.us-east-2.amazonaws.com/accents/Accents/Chinese/cantonese10.wav,cantonese10.wav,please cast there asked her to bring these things with her from the store six spoons off brush no peace five vicky snap off blue cheese and maybe a snack for brother pope we also need a small plastics neck and a big tall flock for the kiss she can scoop these things into free red backs and we will go meet her wednesday at the change station,54,20
http://s3.us-east-2.amazonaws.com/accents/Accents/Chinese/cantonese11.wav,cantonese11.wav,please call stellar as her to bring these things with her from the store whispers off rush no peace fantastic snaps off blue cheese and it is not for a brother bob we also need us more plastics neck and a big toy fraught for the kids you can skip these things into thriller backs on we will go meet her and stay at the train station,77,26
http://s3.us-east-2.amazonaws.com/accents/Accents/Chinese/cantonese12.wav,cantonese12.wav,please call stella asked her to bring this stays with her from the store six boons are fresh no peace five big slabs of blue cheese and maybe a snack for a brother ball we also need a small plastic snake and a big toy frog for the kids she gets good this things into three red bags and we will go meet her wednesday at the train station,40,15
http://s3.us-east-2.amazonaws.com/accents/Accents/Chinese/cantonese13.wav,cantonese13.wav,please call stella ask her to bring these things with her from the store six moons are fresh no peace five six slips off blue cheese and maybe a snack for brother bob we also need a small plastic snee and a big toy frog for the kids she can scoop these things into three red backs on who go meter wednesday at the train station,39,16
http://s3.us-east-2.amazonaws.com/accents/Accents/Chinese/cantonese14.wav,cantonese14.wav,place called stella i said to bring this things with her from the store six bows out fresh no peace five six laps out bleaches and maybe a snack for her brother buck we also need a small plastics neck and a big toy frankfurt kiss she can sculpt this things into thread wreck backs and we were go meet her wednesday in the train station,70,29
http://s3.us-east-2.amazonaws.com/accents/Accents/Chinese/cantonese15.wav,cantonese15.wav,please call stella asked her to bring these things with her from the store six points off fresh snow piece five six laps of blue cheese and maybe a snack for her brother bob we also need a small plastic snake and the big twi fuck for the kids she can school these things into three wetbacks on will go mito wednesday at the train station,45,18
,,,,
http://s3.us-east-2.amazonaws.com/accents/Accents/English/english1.wav,english1.wav,please call stella ask her to bring these things with her from the store six spoons of fresh snow peas five six slabs of blue cheese and maybe a snack for her brother bob we also need a small plastic snake in a big toy frog for the kids she can scoop these things into three red bags and we will go meet her wednesday at the train station,10,3
http://s3.us-east-2.amazonaws.com/accents/Accents/English/english2.wav,english2.wav,please cool stella ask her to bring these things with her from the store six spoons of fresh no peace five thick slabs of blue cheese and maybe a snack for her brother bob we also need a small plastic snake and a big toy frog for the kids she can scoop these things into three red bags and we will go meet her wednesday at the train station,10,3
http://s3.us-east-2.amazonaws.com/accents/Accents/English/english3.wav,english3.wav,please call stella asked her to bring these things with her from the store six spoons of fresh no peace five thick slabs of blue cheese and maybe a snack for her brother bob we also need a small plastic snake and a big toy frog for the kids she conscripted is seemed into three red bags and we will go meet her wednesday at the train station,26,7
http://s3.us-east-2.amazonaws.com/accents/Accents/English/english4.wav,english4.wav,please call stella ask her to bring these things with her from the store six spoons of fresh snow peas five six labs ofthe blue cheese and maybe snack for her brother bob we also need a small plastic snake and a big toy front for the kids she can scoop these things into three red bags and we will go neck go meet her wednesday at the train station,24,7
http://s3.us-east-2.amazonaws.com/accents/Accents/English/english5.wav,english5.wav,please call stella ask her to bring these things with her from the store six spoons of fresh snow peas five thick slabs of blue cheese and maybe a snack for her brother bob we also need a small plastic snake and a big toy frog for the kids she can scoop these things into three red bags and we will made her once t at the train station,18,3
http://s3.us-east-2.amazonaws.com/accents/Accents/English/english6.wav,english6.wav,please call stella ask couldve bring those things with her from the store six spoons of fresh snow peas five thick slabs of blue cheese and maybe a snack for her brother brought bob we also need a small plastic snake and a big toy frog for the kids she can scoop these things into three red bags and we will go meet her wednesday at the train station,19,3
http://s3.us-east-2.amazonaws.com/accents/Accents/English/english7.wav,english7.wav,please call stella ask her to bring these things whether from the store so explosions of fresh snow peas five six slabs of blue cheese and maybe a snack for her brother bob we also need a small plastic snake and a big toy frog for the kids she can scoop the slings and three plastic bags and well go meet her wednesday at the train station,36,13
http://s3.us-east-2.amazonaws.com/accents/Accents/English/english8.wav,english8.wav,please call stella asked her to bring these things with her from the store six spoons of fresh snow peas five thick slabs of blue cheese and maybe a snack for her brother bob we also need a small plastic snake and a big toy frog for the kids sheikhoun script these things into three red bags and we will go and meet her wednesday of the train station,20,7
http://s3.us-east-2.amazonaws.com/accents/Accents/English/english9.wav,english9.wav,please call stella ask her to bring these things with her from the store six spoons of fresh snow peas five six laps of blue cheese and maybe a snack for her brother bob we also need a small plastic snake and a big toy frog for the kids she can scoop these things into three red bags and we will go meet her wednesday at the train station,10,3
http://s3.us-east-2.amazonaws.com/accents/Accents/English/english10.wav,english10.wav,please call stella asked her to bring these things with her from the store six spoons of fresh snow peas five thick slabs of blue cheese and maybe a snack for her brother bob we also need a small plastic snake in a big toy frog for the kids she will scoop these things up into three red bags and we will go meet her wednesday at the train station,15,4
http://s3.us-east-2.amazonaws.com/accents/Accents/English/english11.wav,english11.wav,please call stella ask her to bring these things with her from the store six spoons of fresh snow peas five thick slabs of blue cheese on maybe a snack for her brother bob we also need a small plastic snake and a big toy frog for the kids she can scoop these things into three red bags we will go meet her wednesday at the train station,10,2
http://s3.us-east-2.amazonaws.com/accents/Accents/English/english12.wav,english12.wav,please course stella ask her to bring these scenes with her from the store six spoons of fresh snow peas five six slabs of blue cheese and maybe a snack for her brother bob we also need a small plastic snake on a big toy frog for the kids she can scoop these since that three red banks and well go to and we will go meet her wednesday at the train station,44,9
http://s3.us-east-2.amazonaws.com/accents/Accents/English/english13.wav,english13.wav,please call stella ask her to bring these things with her from the store six spoons of fresh snow peas five thick slabs of blue cheese and maybe a snack for her brother born we also need a small plastic snake and a big toy frog for the kids sheikhoun scoop need things into three red bangs and we will go meet her on wednesday at the train station,18,6
http://s3.us-east-2.amazonaws.com/accents/Accents/English/english14.wav,english14.wav,please call stella asked you to bring these things with her from the store six bones of fresh snow piece five thick slabs of blue cheese and maybe a snack for a brother bob we also need a small plastic sneak in a big toy frog for the kids she couldnt script these things into three red bags and we will go to meet a wednesday at the train station,37,13
http://s3.us-east-2.amazonaws.com/accents/Accents/English/english15.wav,english15.wav,a place called layla asked her to brighten these things from her with her from the store six pounds of fresh snow pays by thick slabs of blue cheese and maybe a snack for her brother bob we also made a small plastics like in a big toy from her for the kids she khun skip these things into three red bags and we will go made her when i have to train station,75,25
,,,,
http://s3.us-east-2.amazonaws.com/accents/Accents/French/french1.wav,french1.wav,please call stella ask her to bring these things with her from the star six points of first note fresh snow peas five six slaves of blue cheese and maybe a snack for her brother buck we also need a small plastic snake and a big talk frog for the kids she can scoops his things into three red bags and we will go meet meet hers when his day at the twin station,49,13
http://s3.us-east-2.amazonaws.com/accents/Accents/French/french2.wav,french2.wav,place called stella ask her to bring this things with with her from the store six points of fresh snow peace five things slabs off blue cheese and maybe a snack for her brother book we also and a small plastic snake and big toe frog for the kids she cant scoop these thinks in toe there in tow three red backs and we will go her witness day at the train station,59,18
http://s3.us-east-2.amazonaws.com/accents/Accents/French/french3.wav,french3.wav,please call stella asked her to bring these things with her from the store six spoons off fresh no peace with thick slabs of blue cheese and maybe a snack for her brother buck we also need a small plastic snake and a big toy frog from for the kids she can scoop these things into three red bags and we will go meet wednesday at the train station,25,9
http://s3.us-east-2.amazonaws.com/accents/Accents/French/french4.wav,french4.wav,priest please costello ask her to bring these think will have her from the store six moon or fresh  no peace five tick slaps off blue cheese and maybe snack for a bread a bob we also need a small plastic its more plastic snake and the big tree frog for the keys she can school this think into through red bags and you will go meet her wednesday at the train station,83,23
http://s3.us-east-2.amazonaws.com/accents/Accents/French/french5.wav,french5.wav,please call stella asks her to bring these things we have from the store six one ofthe fresh snow piece five six slabs off blue cheese and maybe its not for her brother bob we also need a small plastic snake on a big toy frog for her for the kids she can scoop these things into three red bags on we will go meet her when istea at the train station,50,15
http://s3.us-east-2.amazonaws.com/accents/Accents/French/french6.wav,french6.wav,please call stella asked her to bring these things with her from the store six boones off frejus no peace five fake slabs off blue cheese and maybe a snack for her brother bob we also need a small plastics neck and a big toy frank for the kids she can scoop these things into free red bags and we will go meet her wednesday at the train station,33,12
http://s3.us-east-2.amazonaws.com/accents/Accents/French/french7.wav,french7.wav,please call stella ask her to bring these things with her from the store six spoons of fresh snow peas five ticks slabs of blue cheese and maybe a snack for her brother bob we also need a small plastic snake and a big toy frog for the kids she can scoop these things into tree red bags and we will go meet her wednesday at the train station,7,2
http://s3.us-east-2.amazonaws.com/accents/Accents/French/french8.wav,french8.wav,please call stella ask her to bring these things with from the stuff six spoons off national peace five takes slaps off guccis and they be a snack for a lot of bucks we also need a small plastic snake and a big toy fuck for the kids she can school these things into the into pre head backs and we will go meet earth wednesday at the train station,73,23
http://s3.us-east-2.amazonaws.com/accents/Accents/French/french9.wav,french9.wav,please call stella ask her to bring these things with her from the store six points of fresh no peace fighting slabs of blue cheese and maybe its not for a brother bub we also need a small plastic snake and a big cold front for the kids she can scrub these things into three red bags and well go meet her on wednesday at the train station,41,13
http://s3.us-east-2.amazonaws.com/accents/Accents/French/french10.wav,french10.wav,please calls tell us ask her to bring these things with her from the store six spoons of fresh snow peas five six labs off guccis and maybe a snack for her brother bob we also need a small plastic snake and a big toy frog for the kids she can scoop this things into three red bags and well go meet her wednesday at the train station,27,11
http://s3.us-east-2.amazonaws.com/accents/Accents/French/french11.wav,french11.wav,peace corps stella as car to bring these things with her from the store six spoons of fresh new piece five thick slabs of blue cheese on maybe a snack for her brother bob we are certain of this small plastic snake and a big toy frog father kids she can scoop these things into three red bags and well go meet her wednesday at the train station,43,15
http://s3.us-east-2.amazonaws.com/accents/Accents/French/french12.wav,french12.wav,police call stella ask her to bring these things with her from the store six boots of fresh snow peas five thick slabs of blue cheese and maybe a snack for her brother bob we also need a small plastic snake and a big toy frog for the kids sheikhoun scoop these things into three red bags and we will go meet her wednesday at the train station,16,4
http://s3.us-east-2.amazonaws.com/accents/Accents/French/french13.wav,french13.wav,please call stella ask her to bring this things with her from the store six points off fresh snow peas five six slabs of blue cheese and maybe a snack for brother book we also made a small plastic snake in a big toy frog for the kids she can scoop this singing too straight red bags and well go mit or wednesday at the train station,48,17
http://s3.us-east-2.amazonaws.com/accents/Accents/French/french14.wav,french14.wav,please call stella ask her to bring these things with her from the store six pounds of fresh no peace five thick slabs of blue cheese and maybe a snack for her brother bub we also need a small plastic snake and a big toy frog for other kids she conscripts the things into three red bags and we will go meet her once they at the train station,30,8
http://s3.us-east-2.amazonaws.com/accents/Accents/French/french15.wav,french15.wav,police called stella thats got to bring these things with that from the store six points of personal piece very thick slab of blue cheese im gonna be a snack for brother bo a person needs a small plastic snake and the big toy frog for the kids she can screw these things into free red bags and becoming a wednesday at a train station,83,27
,,,,
http://s3.us-east-2.amazonaws.com/accents/Accents/German/german1.wav,german1.wav,police called stella ask her to bring these things with her from the store six spoons of fresh snow piece five six laps of blue cheese and maybe a snack for her brother bob we also need a small plastic snake and a big toy flock for the kids she can scoop these things into slave that bags and we will go meter wednesday at the train station,33,11
http://s3.us-east-2.amazonaws.com/accents/Accents/German/german2.wav,german2.wav,please call stella ask her to bring thes things with her from the store six spoons are fresh no peace five six laps ofthe blue cheese and maybe a snake for her brother bob we also need a small plastic snake in a big toy frog for the kids she cant scoop these things into three red bags and well go meet her wednesday at the rate train station,34,14
http://s3.us-east-2.amazonaws.com/accents/Accents/German/german3.wav,german3.wav,please call stellar ask her to bring these things with her from the store six spoons of fresh snow piece five six im slips off blue cheese and maybe a snake for her brother pop we also need a small plastic snake in a big toy frog for the kids we can scoop these things into three red backs and we will go meter wednesday at the train station,29,15
http://s3.us-east-2.amazonaws.com/accents/Accents/German/german4.wav,german4.wav,please call stella ask her to bring these things with her from the store six spoons of first no peace five six laps ofthe blue cheese and maybe a snack for a brother pop we also need a small plastic snake in a big tie frog for the kids she can scoop thie things into three red bags and well go meet her when i say at a train station,43,18
http://s3.us-east-2.amazonaws.com/accents/Accents/German/german5.wav,german5.wav,please call stella ask her to bring these things with her from the store six spoons of fresh snow peas five thick slabs of blue cheese and maybe a snack for her brother bob we also need a small plastic snake and a big toy frog for the kids she can scoop these things into three red bags and we will go meet her wednesday at the train station,4,0
http://s3.us-east-2.amazonaws.com/accents/Accents/German/german6.wav,german6.wav,please call stella ask her to bring these things with her from the store six spoons of fresh snow peas five six labs ofthe blue cheese on may be a snack for her brother bob we also need a small plastic snake and a big toy froze for the kids she can scoop these things into three red bags on dh we will go meet her wednesday at the train station,20,8
http://s3.us-east-2.amazonaws.com/accents/Accents/German/german7.wav,german7.wav,please call stella ask her to bring the things with her from the store six spoons of fresh snow peas five takes slabs of blue cheese and maybe a snack for her brother bob we also need a small plastic snake and a big toy frog for the kids she can scoop these things into three rat bags and well go meet her wednesday at the train station,15,6
http://s3.us-east-2.amazonaws.com/accents/Accents/German/german8.wav,german8.wav,police call stella ask her to bring these things with our from this door six spoons of fresh snow piece five six laps of blue cheese and maybe a snack for a brother bob we also need a small plastic snake in a big toy truck for the kids she can scoop these things into three right backs on we will go meet her wednesday at the train station,41,15
http://s3.us-east-2.amazonaws.com/accents/Accents/German/german9.wav,german9.wav,please call stella ask her to bring these things with her from the store six spoons of fresh snow piece five six laps of blue cheese and maybe a snag for her brother ball we also need a small plastic snake in a big toy frog for the kids she can screw these things into three rat bags and well go meet her wednesday at the train station,27,11
http://s3.us-east-2.amazonaws.com/accents/Accents/German/german10.wav,german10.wav,please stella ask her to bring these things with her from the store six spoons of fresh snow piece catholics lapse of blue cheese and maybe snack for a brother bob we also need a small plastic snake in a big type truck for the kids she can skip these things into three red bags now we go meter wednesday at train stations,55,16
http://s3.us-east-2.amazonaws.com/accents/Accents/German/german11.wav,german11.wav,police called stiller asked her to bring these things over from store six spoons offer us no peace five six laps of blue cheese and maybe a snack for a brother buck we also need a small plastics neck and a big toy for work for the kids sheikhoun scooped his things in the theory red bags and we will go meet it went meter went stay at the train station,86,28
http://s3.us-east-2.amazonaws.com/accents/Accents/German/german12.wav,german12.wav,please call stella ask her to bring these things with her from the store six spoons of fresh snow piece five thick slabs of blue cheese and maybe a snack for a brother bob we also need a small plastic snake and a big toy frog for the kids she can scoop these things into the three red backs and we will go meet her wednesday at the train station,16,5
http://s3.us-east-2.amazonaws.com/accents/Accents/German/german13.wav,german13.wav,please call stella ask her to bring these things with her from the store six spoons are fresh snow piece five six lives off blue cheese and maybe a snack for her brother bob we also need a small plastic snake and a big toy frog for the kids she khun scooped his things into three red backs and we will go meet wednesday at the train station,33,11
http://s3.us-east-2.amazonaws.com/accents/Accents/German/german14.wav,german14.wav,please cross stella ask her to bring these things with her from the store six boons of fresh snow piece five six left of blue cheese and maybe a snack from a brother paul we also need a small plastic snake and a big toys for the kids she can scoop these things into three red backs and we will go meet her wednesday at the train station,36,14
http://s3.us-east-2.amazonaws.com/accents/Accents/German/german15.wav,german15.wav,please call stella ask her to bring these things with her from the store six spoons of fresh snow piece five six laps of blue cheese and maybe a snack for her brother bob we also need a small plastic snake and the big toy frog for the kids she can scoop these things into three red backs and we will go meet her wednesday at the train station,18,7
,,,,
http://s3.us-east-2.amazonaws.com/accents/Accents/Hindi/hindi1.wav,hindi1.wav,police called stella ask her to bring these things with her from the store six spoons or fresh no peace five six laps of blue cheese and maybe a stack off snack for her brother bob we also need a small plastic snake and a big toy folk for the kids she can school these things in tow three readbacks and we will go meter wednesday at the train station,45,15
http://s3.us-east-2.amazonaws.com/accents/Accents/Hindi/hindi2.wav,hindi2.wav,please call fella ask her to bring these things with her from the store six spoons of press no peace five six slabs of blue cheese and maybe a snack for her brother bob we also need a small tastic snake and a big toy frog for the kids she can scoop these things in a tree readbacks and well go meaner wednesday at the train station,32,16
http://s3.us-east-2.amazonaws.com/accents/Accents/Hindi/hindi3.wav,hindi3.wav,please call stella ask her to bring these things with her from the store six spoons off fresh small piece five six labs ofthe blue cheese and maybe a snack for her brother bob we also need a small plastic snake and a big toy frog for the kids she can scoop these things into three red bags and we will go meet her eventually at the train station,28,9
http://s3.us-east-2.amazonaws.com/accents/Accents/Hindi/hindi4.wav,hindi4.wav,please cause teller ask her to bring these things with her from the store six spoons of fresh snow peas five six laps ofthe blue cheese and maybe a snack for her brother bob we also need a small plastic snake and a big toy from for the kids she can screw these things into three red bank and we will go meet her readiness day at the train station,29,11
http://s3.us-east-2.amazonaws.com/accents/Accents/Hindi/hindi5.wav,hindi5.wav,please call stella ask her to bring these things with her from the store six points of fresh snow peas right thick slabs of blue cheese and maybe a snake for a buck we also need a small plastic snake and a big fraud for the kids second school these things into three bags and well go meter wednesday at the train station,49,18
http://s3.us-east-2.amazonaws.com/accents/Accents/Hindi/hindi6.wav,hindi6.wav,please call stella ask her to bring these things with her from the store six spoons of fresh snow peas five six lives of blue cheese on maybe a snack for her brother bob we also need a small plastic snake and a big toy frog for the kids she could scoop these things into treated bags and well go meet her wednesday at the train station,25,9
http://s3.us-east-2.amazonaws.com/accents/Accents/Hindi/hindi7.wav,hindi7.wav,please call stella ask her to bring these things with her from the store six spoons off fresh snow piece five six labs ofthe blue cheese and maybe a snack for her brother bob we also need a small plastic snake and a big toy frog for the kids she can scope these things into three red bags and we will go meet her wednesday at the train station,18,7
http://s3.us-east-2.amazonaws.com/accents/Accents/Hindi/hindi8.wav,hindi8.wav,please call stella asked her to bring these things with her from the store six spoons of fresh no peace fighting slabs of blue cheese and maybe a snack for her brother bob we also need a small plastics making a big toy for up for the kids she can school these things into three that banks and well go meet her wednesday at the train station,38,15
http://s3.us-east-2.amazonaws.com/accents/Accents/Hindi/hindi9.wav,hindi9.wav,please gold stella ask her to bring these things without from the store six spoons of fresh snow peas five six laps of blue cheese and maybe a snack for a brother bob we also need a small plastic snake and a big toy frog for the kids she can scoop these things in the three red bags and we will go meet her wednesday the train station,26,11
http://s3.us-east-2.amazonaws.com/accents/Accents/Hindi/hindi10.wav,hindi10.wav,police call stella ask her to bring these things from her with her from the store six spoons of fresh no peace five thick slabs of blue cheese and maybe a snack for her brother bob we also need a small plastic snake in a big toy frog for the kids she can scoop these things into three red bags we will go meet her wednesday at the train station,27,7
http://s3.us-east-2.amazonaws.com/accents/Accents/Hindi/hindi11.wav,hindi11.wav,please call stella ask her to bring these things with her from the store six spoons off fresh snow peas five six labs of blue cheese and maybe a snack for her brother bob we also need a small plastic snake and a big toy frog for the kids she can scoop these things into three red bags on we will go meet her wednesday at the train station,12,5
http://s3.us-east-2.amazonaws.com/accents/Accents/Hindi/hindi12.wav,hindi12.wav,please god ask her to bring these things with her from the store six points off fresh beans five six labs ofthe blue cheese on may be a snap for her brother we also need a small plastic snake on a big toy frog for the kids she cant school these things into three dead bats on we will go meet tobin stay at the train station,62,22
http://s3.us-east-2.amazonaws.com/accents/Accents/Hindi/hindi13.wav,hindi13.wav,hes called stella asked her to bring these things with her from the stool six spoons off rest no peace five takes slabs off blue tees and maybe a snack for her brother above we also need a small plastic sneak on a big toy frog for the good seconds small thes stains in tow three that bags and they will go meet herb in his day and the train station,70,26
http://s3.us-east-2.amazonaws.com/accents/Accents/Hindi/hindi14.wav,hindi14.wav,police called stella asked her to bring these things with her from the store six bulls of fresh snow peas five six steps on blue cheese and maybe a snack for her brother bob we also need a small plastic snake and a big toy frog for the kids she can school these things into three red backs and we will go meet her readiness day at the train station,34,11
http://s3.us-east-2.amazonaws.com/accents/Accents/Hindi/hindi15.wav,hindi15.wav,please call stella asked her to bring these things with her from the store six points off fresh no peace five takes labs ofthe blue cheese and maybe a snack for her brother bob we also need a small plastic snake and a big toy frog for the kids she can school these things in the three red bags and we will go meet her wednesday at the train station,27,11
,,,,
http://s3.us-east-2.amazonaws.com/accents/Accents/Japanese/japanese1.wav,japanese1.wav,please calls taylor ask her to bring these things with her from the store six points off fresh snow appears five t slobs off blue cheese and maybe a snack for her brother book we also need a small plastic snack and a big toy frog from the kids she can scoop those things into three red bags and we will go meet how wednesday dont train station,35,17
http://s3.us-east-2.amazonaws.com/accents/Accents/Japanese/japanese2.wav,japanese2.wav,please call cetera askar troubling these things with her from the store six prints off national peace five six clubs all blue cheese and maybe her snack for her brother both we also needed small plastics its like and a big toy for frog for the kids shaken scoop these things into three well bugs and where we go mean her wednesday at the train station,70,26
http://s3.us-east-2.amazonaws.com/accents/Accents/Japanese/japanese3.wav,japanese3.wav,please call stella ask her to bring these things with her from the store six spoons are fresh snow piece five six crabs off guccis and maybe a snack for her brother bob we also need a small plastic snake onda big toy frog for the keys chika scoop the thes things into three red bags and we will go meet her wednesday at the train station,38,15
http://s3.us-east-2.amazonaws.com/accents/Accents/Japanese/japanese4.wav,japanese4.wav,but hes a corset stella ask her to bring these things which you have from the store the response of fresh snow snow piece if i was i was hey i was six rubs off brooches on the maybe of snack for her brother pope we also need a small plastic snake on a big toy frog for the kids chickens cooked these things into st let bucks on we need go meet her when they at the train station,115,27
http://s3.us-east-2.amazonaws.com/accents/Accents/Japanese/japanese5.wav,japanese5.wav,please call stella ask her to bring thes things with her from the store six spoons are fresh snow piece five six lives of blue cheese man answer it and maybe as neck for her bladder bowl we also need a small plastic snake and a big toy flog for the kids she can school thes things into three red thanks and we will go meet her wednesday at the train station,49,14
http://s3.us-east-2.amazonaws.com/accents/Accents/Japanese/japanese6.wav,japanese6.wav,please go stella oscar to bring these things with her from the store six spoons of fresh nor peace five six laps of blue cheese and maybe a snack for her brother bob we also need a small plastic snake and a big toy frog for the kids shiki scoop these things into three red bags and we will go meet her wednesday at the train station,28,11
http://s3.us-east-2.amazonaws.com/accents/Accents/Japanese/japanese7.wav,japanese7.wav,please call stella ask to bring these things with her from the store six points of fresh snow peas five six laps of blue cheese and maybe a snack for her brother bob we also need a small plastic snake in a big toy frog for the kids chickens groups these things into three red bags and we will go meet her wednesday the train station,32,10
http://s3.us-east-2.amazonaws.com/accents/Accents/Japanese/japanese8.wav,japanese8.wav,please call stella ask her to bring these things with her from the store six spoons of fresh snow peas five thick slabs of blue cheese and maybe a snack for a brother bob we also need a small plastic snake in a big tie frog for the kids she can scoop these things into three red bags and we will go meet her wednesday at the train station,11,4
http://s3.us-east-2.amazonaws.com/accents/Accents/Japanese/japanese9.wav,japanese9.wav,please call stiller asked to bring their things with her from the store six points off fresno piece five picks lots of blue cheese and maybe a snack for her brother bob we also need a small plastic snake in a big toy frog for the kids she can sculpted things into three bags and welcome meter ones that train station,61,23
http://s3.us-east-2.amazonaws.com/accents/Accents/Japanese/japanese10.wav,japanese10.wav,preschool stella asked her to bring these things with her from the store sixpence a professional piece five six loves off brooches and they be snack for her brother bob we also need a small plastic snake in a big time frog for the kids she can scripted things into three red box and then we will go to go meet her wednesday at the train station,78,21
http://s3.us-east-2.amazonaws.com/accents/Accents/Japanese/japanese11.wav,japanese11.wav,police called stella asked her to bring these things with her wrong the store sixpence off snow peas five six rubs off blue tees and maybe a snack for her brother book we also need a small plastic snake on the big toy rope for the kids she can scoop these things into three bucks and we will go meet her wednesday at the train station,53,18
http://s3.us-east-2.amazonaws.com/accents/Accents/Japanese/japanese12.wav,japanese12.wav,pries course terra ask how to bring these things with her from the store six spoons off personal piece five six fluffs or booties and maybe a snack for how brother bob we also need a small plastic snake and the big toy folk flock for kids she can scoop these things into three late backs and we will go meet her wednesday at the train station,67,19
http://s3.us-east-2.amazonaws.com/accents/Accents/Japanese/japanese13.wav,japanese13.wav,please call stella ask her to bring the things with her from the store six spoons of fresh snow piece fire with thick slabs of blue cheese and maybe a snack for her brother bar we also need a small plastic snake on the big toy frog for the kids she can scoop did things into three red backs and we will go meet her wednesday at the train station,29,11
http://s3.us-east-2.amazonaws.com/accents/Accents/Japanese/japanese14.wav,japanese14.wav,place called taylor ask her to bring these things with her from the store six points off press no peace five six laps of blue cheese and maybe a snack for her brother bog we also need a small plastic snake and a big toy frog for the kids she can cook these things into three red bags and well go meet her wednesday at the train station,34,15
http://s3.us-east-2.amazonaws.com/accents/Accents/Japanese/japanese15.wav,japanese15.wav,please call stella ask her to bring the things with her from the store six spoons of fresh snow peas five six loves blue cheese and maybe your snack for her brother bob we also need a small plastic snake and a big toy frog for the kids she can scoop thief thinks into three red backs and will will go meet her wednesday at the train station,30,12
,,,,
http://s3.us-east-2.amazonaws.com/accents/Accents/Korean/korean1.wav,korean1.wav,please call stella escort to bring these things with her from the store six expensive afresh shes no peace five big slips off blue cheese and maybe it s neck for her brothers we also need a small plastic snake and a big toy product plucked for the keys she cant so cool the scoop these things into three lad thanks and the real gromit when is there at the train station ,95,28
http://s3.us-east-2.amazonaws.com/accents/Accents/Korean/korean2.wav,korean2.wav,please call stella esko to bring thes things with her from the store six two points off question off piece by piece lives off fluties and maybe a snake for her brother pop we also need a small plastic snake and big toy broke for the keys she can school these things into three red backs and we will go meet her wednesday at the train station,63,22
http://s3.us-east-2.amazonaws.com/accents/Accents/Korean/korean3.wav,korean3.wav,please costilla ask her to bring you sing with her from the sir six point afresh inal piece five six left off blue cheese and maybe its name for her brother bob we also need a small plastic snake and a big toy for all for the kids can scoop these things into three red backs and we will go meet her want to stay at the train station ,66,22
http://s3.us-east-2.amazonaws.com/accents/Accents/Korean/korean4.wav,korean4.wav,place cost ella esseker to bring these things with her from the store six points of fresh snow piece five ticks left off blue cheese and maybe a snake for her brother bob we also need a small plastic snake and a big toy from for the kids she can scoop these things into three red backs and we will go meet her wednesday at the train station,33,15
http://s3.us-east-2.amazonaws.com/accents/Accents/Korean/korean5.wav,korean5.wav,please call stella asked to bring thes things with her from the store its exposer of fresh snow peas five state of five sticks lapse of blue cheese and maybe a snake off her brother over we also need a small plastics nate and a big toy frog for the kids she can scoop these things into three red bags and we will go meet her wednesday at the train station,46,13
http://s3.us-east-2.amazonaws.com/accents/Accents/Korean/korean6.wav,korean6.wav,place course teller as kurt to green tea things with her pram just or six friends of fresh is no peace five six laps of blue cheese a maybe a snake for brother bob we are certain theyre smoke places making a big play for for the kids she can skip the fees into three rape backs and well go meet on wednesday at the train station,110,34
http://s3.us-east-2.amazonaws.com/accents/Accents/Korean/korean7.wav,korean7.wav,please cost ella ask her to bring these things with her from the store six spoons of fresh snow peas five thick slabs of blue cheese maybe a snack for her brother bob we also need a small plastic snake in a big toy frog for the kids she can scoop these things into three red bags and we will go meet her wednesday at the train station,15,4
http://s3.us-east-2.amazonaws.com/accents/Accents/Korean/korean8.wav,korean8.wav,place course stella ask her to bring these things waiter from the store six points of fresh snow piece five t its left off duties and maybe a snake for her brothers body we also need a small plastics neck and a big toy floor for the kids she can scoop thes things into three red best and we will call me our wednesday at the train station,61,20
http://s3.us-east-2.amazonaws.com/accents/Accents/Korean/korean9.wav,korean9.wav,please call stella asked her to bring these things for the from the store six guns of fresh no peace five thick slabs of blue cheese and maybe a snack for a brother bob we also need a small plastic snake and a big toys for the kids because groups these things into three red bags and well go meet on wednesday at the train station,44,18
http://s3.us-east-2.amazonaws.com/accents/Accents/Korean/korean10.wav,korean10.wav,chris course there a scar to bring these things either hope from the store six pull off press no peace power sticks lives off blue cheese and maybe or snake for her brother we also need the small plastics neck and a big toy pro big toy from other kids she can call this things in to treat the bags and then well go meet wednesday at the train station,103,34
http://s3.us-east-2.amazonaws.com/accents/Accents/Korean/korean11.wav,korean11.wav,place called stella ask her to bring these things with our from the store six points off rational piers five six laps or blue cheese and maybe a snake for a brother bob we also need a small plastics think and a big toy frog for the kids she could sculpt these things into tree rat bags and well go meet her wednesday at the translation,58,24
http://s3.us-east-2.amazonaws.com/accents/Accents/Korean/korean12.wav,korean12.wav,police course teller as a whole to bring these things with hurled from the store six response of fresh snow appears five slips of a blue cheese and maybe a snake for brad he also needed a small plastic sleigh and big toys from put the keys she cant school these things into three lead bax and the real go mi ho wednesday at the train station,91,31
http://s3.us-east-2.amazonaws.com/accents/Accents/Korean/korean13.wav,korean13.wav,please call stella ask her to bring these things with her from the store six spoons of a fresh snow piece five six lives of a blue cheese and maybe a snake for her brother bob we also need a small plastic snake and a big toy frog for the kids chickens scooped these things into three red bags and then we will go meet her wednesday at the train station,34,11
http://s3.us-east-2.amazonaws.com/accents/Accents/Korean/korean14.wav,korean14.wav,please call stella asked her to bring these things with her from the store six spoons of fresh snow piece five six laps of blue cheese and maybe a snack for her brother bob we also need a small plastic snake in a big toy frog for the kids she can scoop these things into three rats backs and well go meter wednesday at the train station,28,12
http://s3.us-east-2.amazonaws.com/accents/Accents/Korean/korean15.wav,korean15.wav,brief course taylor f chord to bring dj things with her from the store thief she pulls or fresh flow peace fly with thick fled blue cheese and maybe nec for hope brother pup,233,53
,,,,
http://s3.us-east-2.amazonaws.com/accents/Accents/Portuguese/portuguese1.wav,portuguese1.wav,please go stella ask a hand to being there i think we have from the start six spoon off its now band five six labs ofthe blue cheese i may be a snacky for him brother bobby quinn when is it  when also need as a small plastic is knocking up a big toe frog for the kids shes gone shes got school there is thinking in tow the in tow three handbags ah where well go meet herr whitney at this thing station,143,41
http://s3.us-east-2.amazonaws.com/accents/Accents/Portuguese/portuguese2.wav,portuguese2.wav,please costello as kurt to bring this things with her from the store six pulls off fresh snow piece five six labs ofthe blue cheese and maybe his neck off her brother but we also need a small plastic snake in a big try frog for the kids she can scoop these things into three red bags and we will go meet her wednesday at the train station,43,18
http://s3.us-east-2.amazonaws.com/accents/Accents/Portuguese/portuguese3.wav,portuguese3.wav,please go stella ask her to bring those things with her from these tour six its bones off fresh is no peace five six is lives off those off blue cheese and maybe a neck for her brother bob we also need a small plastic his neck and a big toy frog for her keys she can school these things into a tree red bags and we will meet her wings day the train station,72,21
http://s3.us-east-2.amazonaws.com/accents/Accents/Portuguese/portuguese4.wav,portuguese4.wav,please costel as i had to bring this fans with her from the star six points off fresh nor peace five six slips off bushs and maybe a snack for her brother bob we also need a small plastic snake and the big oil fraud from the kids she can scoops she can scoop these things in tow three red bys and we will go meet her wednesday at the train station,72,27
http://s3.us-east-2.amazonaws.com/accents/Accents/Portuguese/portuguese5.wav,portuguese5.wav,police calls tell him us care to bring these things with her from this tour six points off fresh snow piece five thick slabs off bushs and maybe a snake for her brother bub we also need a small plastic snake and the big story fraud frog for his kids she can scoop the things went to three red bags and we will go meet her wednesday at the train station,61,20
http://s3.us-east-2.amazonaws.com/accents/Accents/Portuguese/portuguese6.wav,portuguese6.wav,please call stella oscar to bring these things without from the store six pillars of fresh no peace five thick slabs of blue cheese and maybe a snack for her brother bob we also need a small plastic snaking a big toy fraud for the kids she can scoop these things into three red bags and we go meet her wednesday at the train station,35,11
http://s3.us-east-2.amazonaws.com/accents/Accents/Portuguese/portuguese7.wav,portuguese7.wav,please call stella ask her to bring the thing with her from the store sixth wound or fresh  no peace five six labs ofthe blue cheese and maybe a snack for her brother bob we also need a small plastic snake and a big toy frog for the kids she can scoop the things into three rag bags and we will go meet her wednesday at the train station,30,13
http://s3.us-east-2.amazonaws.com/accents/Accents/Portuguese/portuguese8.wav,portuguese8.wav,please go stella ask her to bring these things with her from this door six bones of fresh snow peas five fixed labs of blue cheese and maybe his knack for her brother bob we also need a small plastic snake and a big toy frog for the kids she can scoop these things that youre free red bags and well go meet her wednesday at the train station,40,13
http://s3.us-east-2.amazonaws.com/accents/Accents/Portuguese/portuguese9.wav,portuguese9.wav,please call stella as car to bring these things with their from the store six pulls off rational piece five thick slabs of blue cheese and maybe a snack for her brother bob we also need a small plastic snake and a big toy frog for the kids she can scoop thes things into three red bags and well go meter wednesday at the train station,32,13
http://s3.us-east-2.amazonaws.com/accents/Accents/Portuguese/portuguese10.wav,portuguese10.wav,police coast teller ask her to bring this things with her from the store six pulls off fresh no peace five six labs ofthe blue cheese and maybe a snack for her brother buck we also need a small plastic snake and a big type frog for the kids she can scoop the scenes into three readbacks and we will go meet her wednesday at the train station,47,19
http://s3.us-east-2.amazonaws.com/accents/Accents/Portuguese/portuguese11.wav,portuguese11.wav,please call stella ask her to bring these things with her from the store six spoons of fresh snow peas five six labs ofthe blue cheese and maybe his knack for her brother bob we also need a small plastic snake in a big toy frog for the kids she can scoop did things into three red bags and well go meet her when is they at the train station ,35,11
http://s3.us-east-2.amazonaws.com/accents/Accents/Portuguese/portuguese12.wav,portuguese12.wav,please call still ask her to bring these things with her from the store six points of fresh no peace five six labs ofthe blue cheese and maybe a snake for her brother both we also need a small plastic snake and a big tie frog for kids she can scoop these things into three red bags and we will go meet her wednesday at the train station,30,13
http://s3.us-east-2.amazonaws.com/accents/Accents/Portuguese/portuguese13.wav,portuguese13.wav,please call stella ask her to bring these things with her from the store six pillars of fresh snow peas five thick slabs of blue cheese maybe a snack for a brother bob we also need a small plastic snake in a big time frog for the kids can scoop these things into three red bags go mater when is the train station ,52,14
http://s3.us-east-2.amazonaws.com/accents/Accents/Portuguese/portuguese14.wav,portuguese14.wav,please constable asked her to bring things with her from the store six points of fresh new snow piece five six lads off guccis and maybe snake for her brother bob we also need a small purse snake in a big toy frog for the kids she can scoop its things into free had bags and then we will go meet here when they at the train station,75,22
http://s3.us-east-2.amazonaws.com/accents/Accents/Portuguese/portuguese15.wav,portuguese15.wav,please call fella ask her to bring the things with her from the store six spoons or fresh no peace five fixed labs of blue cheese and maybe a snack for her brother bob we also need a small plastic snake and a big toy frog for the kids she can scoop these things into three red bags and we will go meet her wednesday at the train station,19,8
,,,,
http://s3.us-east-2.amazonaws.com/accents/Accents/Russian/russian1.wav,russian1.wav,police go stella ask your toe ring leave thinks who is here from the store six pulls off fresh no peace five sleek slips off blue cheese and maybe a snake for her brother bob i really need a small plastic snake and big toy for frog for the kids she can scoop these things into three red back and they will go meet here when they at the train station,68,27
http://s3.us-east-2.amazonaws.com/accents/Accents/Russian/russian2.wav,russian2.wav,please call staler ask you to bring this things with here from the store six ports off rational piers five six slaps off blue cheese and maybe a snack for your brother bob well also need a small plastic snake and a big toy frog for the kids she can school this things in tow three red bags and we will go meet here wednesday at the train station,45,19
http://s3.us-east-2.amazonaws.com/accents/Accents/Russian/russian3.wav,russian3.wav,please call stella ask her to bring these things with her from the store six points of fresh snow peas five thick slabs of blue cheese and maybe a snap for her brother bob we also need a small plastic snake and the big toy frog for the kids she khun scope these things into three red bags and we will go meet her wednesday at the train station,17,6
http://s3.us-east-2.amazonaws.com/accents/Accents/Russian/russian4.wav,russian4.wav,a police school stella ask your tobe adina his thinks weve youre from where story six pulls off the fresh snow piece off five off five thick ah slaver off blue cheese and to me be a snack for her brother book we also need to a small ballistic a snake and a big toy for toy for a yoga four of the kids oh she can off school coop i dont know thes finks intro thirty a red bags and we will go me too heure,166,37
http://s3.us-east-2.amazonaws.com/accents/Accents/Russian/russian5.wav,russian5.wav,police called stella ask herto bring these things with here from the store six points and fred or fresh snow pierce five thick slaps or blue cheese of lunches and maybe a snack for her brother bob we also need a small plastic snake and big toy frog form the kids she can scoop this things into three red bags and we will go mad him wednesday and then train station,55,18
http://s3.us-east-2.amazonaws.com/accents/Accents/Russian/russian6.wav,russian6.wav,police call stella didnt ask you to bring the things with her home from store six points off fresh now peace five six slobs of blue cheese and maybe a snack for her brother bob also need a small plastic snake and a big toy frog for the kids she can scoop older think into three red bags and we will go meet her wednesday at the train station,46,13
http://s3.us-east-2.amazonaws.com/accents/Accents/Russian/russian7.wav,russian7.wav,are police call still ask her to bring these things with her from the store six spoons off fresh snow peas five six labs ofthe blue cheese and maybe a snack for her brother bob well also need a small plastic snake and a big toy frog for the kids she can scoop this things into three red bags and we will go meet her wednesday as a train station,31,12
http://s3.us-east-2.amazonaws.com/accents/Accents/Russian/russian8.wav,russian8.wav,please gold mister ask who to bring these things just hear from this store six points off fresh snow piece five think slobs off blue cheese and maybe a snack for your brother wells who knew the small plastic snake and they big toy frog for the she can school this things into three red bags and we will go meet her wednesday at the train station,63,21
http://s3.us-east-2.amazonaws.com/accents/Accents/Russian/russian9.wav,russian9.wav,please call stella ask her to bring this things with her from the store six pills of fresh snow peas five thick slabs of blue cheese and maybe a snack for her brother bob we also need a small plastic snake and the big toy frog for the kids she can screw this things into three red bags and we will go in her wednesday at the train station,22,7
http://s3.us-east-2.amazonaws.com/accents/Accents/Russian/russian10.wav,russian10.wav,police called stella ask her to bring this things with her from the store six spoons of fresh no peace five six steps of blue cheese maybe snack for a brother book whats in it  a small plastic snake and a big toy broke for the kids she could scoop this things into three red backs and well go meet who  wednesday the train station,62,22
http://s3.us-east-2.amazonaws.com/accents/Accents/Russian/russian11.wav,russian11.wav,please call stella i asked you to bring these things with her from the store six spoons of fresh snow piece five thick slabs of blue cheese and maybe a snack for her brother ball we also need a small plastic snake and a big toy frog for the kids she can scoop this things into three red bags and it will go meet her wednesday at the train station,18,6
http://s3.us-east-2.amazonaws.com/accents/Accents/Russian/russian12.wav,russian12.wav,police calls tiller bath for bringing this things here from this talk six fools or fresh snow peas five six left over luccis on maybe a snake for her brother box no elsa in a small plastic snake and big toe broke for the kids she can score theres things in tow three readbacks andi will because meat when they at the train station,106,42
http://s3.us-east-2.amazonaws.com/accents/Accents/Russian/russian13.wav,russian13.wav,please calls tell oscar to bring these things with her from this toll explore the freshness p u five six slabs of lucia you um made a stack for her brother bob we also need a small plastic snake and the big toy frog provocative she cant cook this things and talk to you and bags and theyll give me her wednesday at the train station,95,30
http://s3.us-east-2.amazonaws.com/accents/Accents/Russian/russian14.wav,russian14.wav,please call stella ask her to bring these things from her from the store six pulls off fresh its no its no piece five thick slabs of blue cheese and maybe a snack for her brother bob we also need a small plastics make and the big toy frog for the kids she can scoop these things into three red bags and we will go meet here wednesday at the train station,33,11
http://s3.us-east-2.amazonaws.com/accents/Accents/Russian/russian15.wav,russian15.wav,please call still ask her to bring these things from her from the store six pools of fresh snow piece five six laps ofthe blue cheese and maybe a snack for her brother book we also need a small plastic snake and the big toy frog for the kids she can scoop this things into three red backs and we will meet we will go to meet her wednesday at the train station,48,18
,,,,
http://s3.us-east-2.amazonaws.com/accents/Accents/Spanish/spanish1.wav,spanish1.wav,preschool estella acts hurt toe green teas things with her from the store six teaspoons or freshest no peace if i stick this lot off blue cheese maybe a snack for her brother buck we also need a small plastic a snake on a big toy broke for the keys she can scoop these things in tow three red backs and we will go meet her wednesday on the train station,70,26
http://s3.us-east-2.amazonaws.com/accents/Accents/Spanish/spanish2.wav,spanish2.wav,place called stella ask harry to bring the steins with hair from the start six spoons operation snow piece five five thief snaps off blue cheese and maybe a snack for hitler brother bob we also need a small plastic snake and a big toy from frog for the kids i can scoop this things into three direct max and we will go meet herr wednesday at the train station,62,22
http://s3.us-east-2.amazonaws.com/accents/Accents/Spanish/spanish3.wav,spanish3.wav,please call estella ask herto bring these things with her from the start six points off fresh is no beans five things the slabs off blue shes on maybe high snack for her brother book we also need a small plastic snake big toy frog for the kids she can scoop this piece things in the other bread box i we will we will go meet herr wednesday at the train station,67,28
http://s3.us-east-2.amazonaws.com/accents/Accents/Spanish/spanish4.wav,spanish4.wav,please call estela ask her to bring these things with her with her from the store six a spoon of each snow peas bye thinks the lapd of blue shes maybe a snack for her brother he always donate a small plastic its not being a big toy from for that kids xiqing is co these things into three red backs and well go meet there made her wednesday at the train station,93,25
http://s3.us-east-2.amazonaws.com/accents/Accents/Spanish/spanish5.wav,spanish5.wav,please call stella ask her to bring these things from ask her to bring these things with her from the store six spoons of fresh snow piece five thick slabs of blue cheese and maybe a snack for her brother bob oils who need a small plastic snake and a big toy frog for the kids she can scoop these things into three bread bags and we will go meet her wednesday at the train station,48,11
http://s3.us-east-2.amazonaws.com/accents/Accents/Spanish/spanish6.wav,spanish6.wav,please call estella us hurt to bring these things with her from the store six bones oh fresh snow piece five six slaps off licious maybe its not for your brother but we also need a small plastic snake on a big toy from for the kids she can scoop this things into three red back and we will go made her wednesday at the train station,56,23
http://s3.us-east-2.amazonaws.com/accents/Accents/Spanish/spanish7.wav,spanish7.wav,please calls tell her i asked her to bring these things with her from the store six port sports off fresh snow snow beans five uh things is love ofthe blue shes on maybe a snack for her brother book we also need a a small plastic a snack and a big toy from for the kids she can scoop these things in tow three great backs on we will go to we will go meet her wednesday on the train station,78,30
http://s3.us-east-2.amazonaws.com/accents/Accents/Spanish/spanish8.wav,spanish8.wav,police called stella ask her to bring these things with her from the store six spoons of fresh no peace fight tix loves off blue cheese and maybe a snack for her brother bob we also need us more plastic snake on a big toy frog for the keys she can scoop this things into three red backs on we will go meet her wednesday at a train station,44,15
http://s3.us-east-2.amazonaws.com/accents/Accents/Spanish/spanish9.wav,spanish9.wav,place called stella asked her to bring this thing with her from the store see a spoon six spoon off fresh snow piece five stick slabs off blue shes on maybe i snake for her brother but we also need a small plastic snake on a big story frog for the gays for the case she can school the thing into a three red bags on we will go meet her wednesday at the train station,68,26
http://s3.us-east-2.amazonaws.com/accents/Accents/Spanish/spanish10.wav,spanish10.wav,political still has heard to bring this thinks with her from the start six spoons on french has no peace five things loves off blue cheese maybe uh snack for her brother about we also need a small plastic snake in a big toy froze for the kills chicken is cooked dear sing in tow three red bags and we will go meet her weather today on the train is teacher,87,29
http://s3.us-east-2.amazonaws.com/accents/Accents/Spanish/spanish11.wav,spanish11.wav,please call estela ask her to bring these things with her from the store six teaspoons of fresh snow piece five thick slabs of blue cheese and maybe i snack for her brother bob we also need a small plastic s neck in a big toy prop for the kids chic and this i hope these things into three bread backes and we will go meet her wednesday at the train station,39,11
http://s3.us-east-2.amazonaws.com/accents/Accents/Spanish/spanish12.wav,spanish12.wav,place called stan after her toe being this things we hear from the store six bulls well friends  no on one side b p s home fine fighting sloughed off blue cheese i think maybe uh tonight tonight headboard about we also only a small plastic plates and a big toy ah flow flow for for the kids chicken coop testing toe three i think we will go meet here what other train  dutch,163,42
http://s3.us-east-2.amazonaws.com/accents/Accents/Spanish/spanish13.wav,spanish13.wav,please call stella ask her to bring these things with her from with her from the store six spoons of fresh snow piece five six slabs of blue cheese maybe its neck for her brother above we also need a small plastic snake and a big toy frog for the kids she can scoop this things into three readbacks and we will go on we will go meet her wednesday on the train station,57,17
http://s3.us-east-2.amazonaws.com/accents/Accents/Spanish/spanish14.wav,spanish14.wav,please call stella as her toe win these things with her front nestor six explains off fresh snow piece fight things this laugh with blue cheese on maybe a snack for her brother back we also need a small plastic snake snake on a big tie front for the kids shaken is cooked this things in talk to your backs and we will go meet her wednesday on the train station,82,29
http://s3.us-east-2.amazonaws.com/accents/Accents/Spanish/spanish15.wav,spanish15.wav,please call estela i asked her to relive things with help from the store sixty spools of precious not peace five fixes love off bushs maybe its not for his brother back we also need is more plastic is neck on a victory for the kids to candice could be teams in tow three red box wait gomi heard wednesday at the terminus station,125,42
,,,,
http://s3.us-east-2.amazonaws.com/accents/Accents/Tagalog/tagalog1.wav,tagalog1.wav,please call stella ask her to bring these things with her from the store six planes of fresh no peace by thick slabs of blue cheese and maybe a snap for her brother bob we also need a small plastic snake in a big toy frog for the kids she can scoop these things into the bags and we will go meet her wednesday at the train station,26,9
http://s3.us-east-2.amazonaws.com/accents/Accents/Tagalog/tagalog2.wav,tagalog2.wav,please call stella ask her to bring this things with her from the store six points of fresh snow piece five five thick slabs off blue cheese and maybe a snack for her brother bob we also need a small classic snake in a big toy for fraud for her two kids we can scoop things this stinks into three red backs and we will go meet her one stay at the train station,54,16
http://s3.us-east-2.amazonaws.com/accents/Accents/Tagalog/tagalog3.wav,tagalog3.wav,please call stella ask her to bring these things with her from the store six boons of fresh snow peas five six labs of blue cheese and maybe a snack for her brother bob we also need a small plastic snake and a big toy frog for the kids she khun scoop these things into three red bags and we will go meet her wednesday at the train station,14,5
http://s3.us-east-2.amazonaws.com/accents/Accents/Tagalog/tagalog4.wav,tagalog4.wav,police calls tell her asked her to bring these things with her from the store its expos of fresh snow piece five six laps of blue cheese maybe a snack for my brother bob we also need a small plastic snake and a big toy frog for the kids she can scoop these things into three red bags and we will go meet her wednesday at the train station,38,9
http://s3.us-east-2.amazonaws.com/accents/Accents/Tagalog/tagalog5.wav,tagalog5.wav,please call stella ask her to bring these things with her from the store six points of fresh snow piece five thick slabs of blue cheese and maybe a snack for her brother bob we also need a small plastic snake and a big toy frog for the kids she can scoop this things into three red bags and we will go meet her wednesday at the train station,12,3
http://s3.us-east-2.amazonaws.com/accents/Accents/Tagalog/tagalog6.wav,tagalog6.wav,please call stella ask her to bring these things whether from the store six spoons of fresh snow piece five thick slabs of blue cheese and maybe a snack for her brother bob we also need the small plastic snake in a big toy frog for the kids she can scoop these things into three red bags and we will go meet her wednesday at the train station,16,6
http://s3.us-east-2.amazonaws.com/accents/Accents/Tagalog/tagalog7.wav,tagalog7.wav,please call stella asked her to bring these things with her from the store six points of fresh snow piece five six loves of blue cheese and maybe a snack for her brother bob we also need a small plastic snakes in a big toy frog for the kids she can scoop these things into three red bags and we will go meet her wednesday at the train station,23,8
http://s3.us-east-2.amazonaws.com/accents/Accents/Tagalog/tagalog8.wav,tagalog8.wav,please call stella asked her to bring these things with her from the store six points a press no peace five six love of blue cheese and maybe its not for her brother bub we also need a small plastic snake and a big toy prague border kids second scoop destry things into three red bags and we will go midterm wednesday at the train station,55,19
http://s3.us-east-2.amazonaws.com/accents/Accents/Tagalog/tagalog9.wav,tagalog9.wav,preschools teller asked her to bring these things with her from the store six points of fresh no peace five big slabs of blue cheese and maybe a snack for her brother bob we also need a small plastic snake and a big toy frog for the kids she can scoop these things into three red bags and we will go meet her wednesday at the train station,26,9
http://s3.us-east-2.amazonaws.com/accents/Accents/Tagalog/tagalog10.wav,tagalog10.wav,please call stella asked her to bring things with her from the store six points of fresh snow piece five six laps of blue cheese and maybe a snack for her brother bob we also need a small plastic snake and a big toy front for the kids she can scoop these things into three red black bags and we will go meet her when its there at the train station,43,9
http://s3.us-east-2.amazonaws.com/accents/Accents/Tagalog/tagalog11.wav,tagalog11.wav,please call estella asked her to bring these things with her from the store six spoon oppresses no peace by thick slab of blue cheese and maybe a snack for her brother bob we also need a small plastic snake and a big toy frog for the kids second school this things into three red bugs and we will go met her wednesday at the train station,32,15
http://s3.us-east-2.amazonaws.com/accents/Accents/Tagalog/tagalog12.wav,tagalog12.wav,police call estella ask her to bring these things with her from the store six points off fresh no peace five six slabs of blue cheese and maybe a snack for her brother bob we also need a small plastic snake and a big toy frog for the kids she can scoop this things into three red bags and we will go meet hermanus day at the train station,29,11
http://s3.us-east-2.amazonaws.com/accents/Accents/Tagalog/tagalog13.wav,tagalog13.wav,please call stella ask her to bring these things with her from the store sixtus bones off fresh is no peace five six loves of blue cheese and maybe a schnapps for her brother bob we also need a small plastic snake and a big toy frag for the kids second school this things in tow three red bags and we will go meet her wednesday at the train station,39,13
http://s3.us-east-2.amazonaws.com/accents/Accents/Tagalog/tagalog14.wav,tagalog14.wav,please call stella asked her to bring these things with her from the store six spoon or fresh snow piece five six love ofthe blue cheese and maybe a snap for her brother bob we also need a small plastic snake and a big oi rob for the kids she can scoop this thing into three red bugs and we will go meet her wednesday on the train station,34,15
http://s3.us-east-2.amazonaws.com/accents/Accents/Tagalog/tagalog15.wav,tagalog15.wav,please call stella ask her to bring this things with her from the store six spoons of fresh snow piece five thick slabs off blue cheese and maybe a snack for her brother bob we also need a small plastic snake in a big toy frog for the kids she can scoop this things into three red bags and we will go meet her wednesday at the train station,14,5
,,,,
http://s3.us-east-2.amazonaws.com/accents/Accents/Vietnamese/vietnamese1.wav,vietnamese1.wav,please call carolyn ask tto bring these things with her from the star six moons of france no peace friday take slaps off blue tees and maybe i snack for him brother buck we also need a small blasted snack and a big storage folk found it kids you cant these things into three red back and we will go mid western day at the train station,83,30
http://s3.us-east-2.amazonaws.com/accents/Accents/Vietnamese/vietnamese2.wav,vietnamese2.wav,play coniston astana are her two brain their pains with her from the store she put spoons of the fest now beats the fightings love approaches and maybe snake for her brother park we also need smart black fist snake and a big story broke on a case she can scope taking into there read back and we will meet her when days and change the station,128,41
http://s3.us-east-2.amazonaws.com/accents/Accents/Vietnamese/vietnamese3.wav,vietnamese3.wav,please called stella as her toe pring these things with her from store six points are fresh snow peas five slap approaches and maybe a snap for our product well we also need a smart plastic snake and a bit ty from for the kids seconds these things into tree with max and we will go meet her wednesday and the train station,72,30
http://s3.us-east-2.amazonaws.com/accents/Accents/Vietnamese/vietnamese4.wav,vietnamese4.wav,please call stella us how to bring the things with her from a star six boon of fresh no peace five ticks left of lou shes here maybe its neck for her brother book you also need a small bless ixnay and a big toy from for the keys chickens quickly things into a tree red bags and well go me her wednesday others train station,87,31
http://s3.us-east-2.amazonaws.com/accents/Accents/Vietnamese/vietnamese5.wav,vietnamese5.wav,plea con stella at her toe bring this tense with her from the store spoons off first no peace fight it slap of a blue tees and maybe a stands for her product we also need a small black pissed snet and a big toy fraud for the kiss a second scoop listing into retreat right best and we will miss her wednesday at a translation,107,38
http://s3.us-east-2.amazonaws.com/accents/Accents/Vietnamese/vietnamese6.wav,vietnamese6.wav,i live downstairs at her toe ring this thing with from the start spoons press fine take stuff floaties and maybe snake for her brother well sounds like a small bloody snake and a bit of time for fun of kiss you can scoot detaining toe tree and we will rule my time western at night not mention stays in,161,48
http://s3.us-east-2.amazonaws.com/accents/Accents/Vietnamese/vietnamese7.wav,vietnamese7.wav,please cast stiller ask her to print these things with her from the store six spoons are off rest snow piece five thick slabs of blue cheese and maybe a snack for her brother bob we also need a small plastic snake and a big toy from for the kiss she can scoop this things into three red back and we will go meet her west at the train station,32,12
http://s3.us-east-2.amazonaws.com/accents/Accents/Vietnamese/vietnamese8.wav,vietnamese8.wav,because theyre ask her to bring these things with her from the store six spooner pressed no peace five six left a blue cheese and maybe your select for her brother bob well also need a small plastic snake and a big toy from for the kids she can scoop these things into trader at max and we will go meet her wednesday at the train station,61,20
http://s3.us-east-2.amazonaws.com/accents/Accents/Vietnamese/vietnamese9.wav,vietnamese9.wav,please co star as hard to bring this things we heard from the store six ports of fresh snow peas pathetic slap a blue cheese maybe snack for broader bob we also need a small plastic tonight big tie front for the kids its against group this thing into rear it x and we would go meet her wednesday at a train station,91,30
http://s3.us-east-2.amazonaws.com/accents/Accents/Vietnamese/vietnamese10.wav,vietnamese10.wav,please ask her to bring these things with her from the store six spoons off fresh snow piece five slaps off floaties and maybe a snack for brother we all send it usma plastic snake and a big tie from for the kids she can score these things into three right max and we will go meet her when  this day at the train station,73,22
http://s3.us-east-2.amazonaws.com/accents/Accents/Vietnamese/vietnamese11.wav,vietnamese11.wav,please costello ask her to bring these things with her from the store explorers are fresh snow piece five six lips blue cheese and maybe its neck for her brother we also need a small black stick snake and the big toy fraud fraud the kicks because these things into three makes and we we want to and we we will meet her one state at the train station,99,29
http://s3.us-east-2.amazonaws.com/accents/Accents/Vietnamese/vietnamese12.wav,vietnamese12.wav,please cost ella asked her to bring thes things with her from the store six booths are fresh snow piece five six laps of blue cheese and maybe a snack for her brother ball we also need a small plastic snake in a big toy frog for the kids she can scoop these things into three red bags and we will go meet her wednesday at the train station,32,12
http://s3.us-east-2.amazonaws.com/accents/Accents/Vietnamese/vietnamese13.wav,vietnamese13.wav,please call stella ask her to bring these things with her from the store six fools of breast no peace catholics lapse of hooches and maybe its not for brother pop we also need a small persons neck on big twelve frog with the kids she can school pieced things into three red backs on we will go meet her once the entrance station,92,27
http://s3.us-east-2.amazonaws.com/accents/Accents/Vietnamese/vietnamese14.wav,vietnamese14.wav,plea costello her asked her to bring those things were her from the store six spoons of arrests no peace if i take a slap a blue cheese and maybe a snap for her brother bob we also need a small plastic snack and a big toy frocks for the kids second scoop those thing into three red back and we will go met her wednesday at the train station,56,24
http://s3.us-east-2.amazonaws.com/accents/Accents/Vietnamese/vietnamese15.wav,vietnamese15.wav,costilla asher to print these days with her from the start sister ah fresh no peace fight his slap off blue cheese and maybe on snake for her fraud above we also need us more plastic its like and a pit toy for for kiss sickens scope detains into treat bread laugh and we will well meant her west bay at this translation,120,42http://s3.us-east-2.amazonaws.com/accents/Accents/UKenglish/english108.wav,english108.wav,please cost they are ask giving you things other from a store sixpence a fresh new of peace five thick slabs of blue cheese or maybe a snack for a boar bob we also need to bring ah small plastic snake and a big toy frog for kids she can script these things into three bad bags and well go miro and stay at the train station,92,23
http://s3.us-east-2.amazonaws.com/accents/Accents/UKenglish/english110.wav,english110.wav,please call stella ask her to bring these things weve heard from the store six spoons of fresh no peace four thick slumps of blue cheese and maybe its like for a probable we also need a small plastic snake and a big toy fog for the kids she can skip these things into three red bags and we will go meet her wednesday at the train station,40,12
http://s3.us-east-2.amazonaws.com/accents/Accents/UKenglish/english24.wav,english24.wav,please call stella ask her to bring these things with her from the store six spoons of fresh snow peas five fixed slabs of blue cheese and maybe a snack for her brother bob we also need a small plastic sneak in a big toy fraud for the kids she can skip these things into three red bags on we go meter on wednesday at the train station,31,9
http://s3.us-east-2.amazonaws.com/accents/Accents/UKenglish/english38.wav,english38.wav,please call stella ask her to bring these things with her from the store six spoons of fresh snow piece five thick slabs of blue cheese maybe a snack for her brother bob we also need a small plastic snake on a big toy frog for the kids she can skip these things into three red bags on we will go meet her wednesday at the train station,18,5
http://s3.us-east-2.amazonaws.com/accents/Accents/UKenglish/english40.wav,english40.wav,place called stella ask her to bring these things with from the store six pounds of fresh snow peas five thick slabs of blue cheese maybe a snack for a brother bob we also need a small plastic snake a big toy frog for the kids sheikhoun script these things into three red bags and we will go made her wednesday at the train station,37,12
http://s3.us-east-2.amazonaws.com/accents/Accents/UKenglish/english56.wav,english56.wav,please call stella asked her to bring these things whether from the store six spoons of fresh no peace five fixed labs of blue cheese on maybe a snack for her brother bob we also need a small plastic snake on a big toy frog for the kids she can skip these things into three red bags we will go meet her wednesday at the train station,31,11
http://s3.us-east-2.amazonaws.com/accents/Accents/UKenglish/english57.wav,english57.wav,please call stella asked us to bring these things without from the store six spoons with fresh snow peas five thick slabs of blue cheese and maybe a snack for a brother bob we also need a small plastic snake on a big toy frog for the kids she can scoop these things into three red bags on dh we will go meter wednesday at the train station,28,10
http://s3.us-east-2.amazonaws.com/accents/Accents/UKenglish/english58.wav,english58.wav,please call stella asked her to bring these things with her from the store six spoons of fresh snow peas five thick slabs of blue cheese and maybe a snack for her brother bob we also need a small plastic snake and a big toy frog for the kids she khun scoop these things into three red bags on we will go meet her wednesday at the train station,11,3
http://s3.us-east-2.amazonaws.com/accents/Accents/UKenglish/english80.wav,english80.wav,please call stella ask her to bring these things with her from the store six spoons of fresh snow peas five thick slabs of blue cheese and maybe a small snack for her brother bulb we also need a small plastic snake and a big toy frog for the kids she conscripts these things into three red bags and well go meet her wednesday at the train station,21,6
http://s3.us-east-2.amazonaws.com/accents/Accents/UKenglish/english85.wav,english85.wav,please call stellar ask her to bring these things of her from the store six spoons of fresh no peace hey thick slabs of blue cheese on libya snack for her brother bob well also need a small plastic sneaking a big tough route for the kids she can skip these things into three red bags i will go meet her round st at the train station,54,18
http://s3.us-east-2.amazonaws.com/accents/Accents/USenglish/english16.wav,english16.wav,please call stella asked her to bring these things with her from the store six spoons of fresh snow for peace five sticks slabs of blue cheese and maybe a snack for her brother bob we also need a small plastic snake or a big toy frog for the kids she can scoop these things into three red bags we will go meet her win today at the train station,27,7
http://s3.us-east-2.amazonaws.com/accents/Accents/USenglish/english17.wav,english17.wav,please call stella after two ring those same whether from the store six point afresh inal piece five thick slabs of blue cheese and maybe a snack for her brother but we also need a small plastic snake and a big toy frog for the kids she can scoop these things into three red bags and we would go to go meet her wednesday at the train station,44,15
http://s3.us-east-2.amazonaws.com/accents/Accents/USenglish/english18.wav,english18.wav,place called stella asked her to bring these things with her from the store six spoons of fresh snow peaceful tactics slabs of blue cheese and maybe a snack for her brother bob we also need a small plastic snake in a big toy frog for the kids she can do these things into three red bags and we will go get her windy at the train station,32,10
http://s3.us-east-2.amazonaws.com/accents/Accents/USenglish/english19.wav,english19.wav,please call stella ask her to bring these things with her from the store six spoons of fresh snow peas five thick slabs of blue cheese and maybe a snack for her brother bob we also need a small plastic snake and a big toy frog for the kids you can scoop these things into three red bags and we will go meet her wednesday at the train station,7,1
http://s3.us-east-2.amazonaws.com/accents/Accents/USenglish/english20.wav,english20.wav,please call stella asked her to bring these things with her from the store six spoons of fresh snow peas five thick slabs of blue cheese and maybe a snack for her brother bob we also need a small plastic snake and a big toy frog for the kids she khun scoop these things into three red bags and we will go meet her wednesday at the train station,9,2
http://s3.us-east-2.amazonaws.com/accents/Accents/USenglish/english21.wav,english21.wav,please cost stella asked her to bring these things with her from the store six spoons of fresh snow peas by thick slabs of blue cheese and maybe a snack for brother bob we also need a small plastic snake in a big toy frog for the kids she khun scoop these things into three red bags and we will go meet her wednesday at the train station,22,6
http://s3.us-east-2.amazonaws.com/accents/Accents/USenglish/english23.wav,english23.wav,please call stella ask her to bring these things with her from the store six bones of fresh snow peas five thick slabs of blue cheese and maybe a snack for her brother bob we also need a small plastic snake and a big toy frog for the kids he can scoop these things into three red bags and we will go meet her wednesday at the train station,9,2
http://s3.us-east-2.amazonaws.com/accents/Accents/USenglish/english25.wav,english25.wav,please call stella i ask her to bring these things with her from the store six spoons of fresh snow piece five six laps of blue cheese and maybe a snack for brother bob we also need a small plastic snake a big toy frog for the kids she can scoop these things into three red bags and we will go meet her wednesday at the train station,21,6
